Queue,Total Calls Queued,Direct Calls Queued,Transferred Calls Queued,Calls Answered,Calls Answered (%),Calls Abandoned,Calls Abandoned (%),Calls Redirected,Calls Redirected (%),CallBacks Handled,CallBacks Handled (%),CallBacks Rejected,CallBacks Rejected (%),Total Time To Answer,Avg. Time To Answer,Longest Time To Answer,Total Abandonment,Avg. Abandonment,Longest Abandonment,Outbound Calls Attempted,Outbound Calls Answered,Outbound Calls Answered (%),Calls Transferred,Calls Transferred (%),Total Connected Call Duration,Avg. Connected Call Duration,Total Wrap-up Duration,Avg. Wrap-up Duration,Total Emails Queued,Direct Emails Queued,Transferred Emails Queued,Inbound Emails Processed,Inbound Emails Replied,Inbound Emails Replied (%),Inbound Emails Completed,Inbound Emails Completed (%),Inbound Emails Deleted,Inbound Emails Deleted (%),Inbound Emails Transferred,Inbound Emails Transferred (%),Total Inbound Email Handling Time,Avg. Inbound Email Handling Time,Longest Inbound Email Handling Time,Avg. Inbound Email Total Time In System,Total Inbound Email Total Time In System,Outbound Emails Started,Outbound Emails Sent,Outbound Emails Sent (%),Outbound Emails Deleted,Outbound Emails Deleted (%),Longest Outbound Email Duration,Total Outbound Email Duration,Avg. Outbound Email Duration,Total Email Wrap-up Duration,Avg. Email Wrap-up Duration,Email Group SLA 1 Within SLA,Email Group SLA 1 Over SLA,Email Group SLA 1 %,Email Group SLA 1 Target %,Email Group SLA 2 Within SLA,Email Group SLA 2 Over SLA,Email Group SLA 2 %,Email Group SLA 2 Target %,Email Queue SLA 1 Within SLA,Email Queue SLA 1 Over SLA,Email Queue SLA 1 %,Email Queue SLA 1 Target %,Email Queue SLA 2 Within SLA,Email Queue SLA 2 Over SLA,Email Queue SLA 2 %,Email Queue SLA 2 Target %,Total Messaging Queued,Direct Messaging Queued,Transferred Messaging Queued,Messaging Completed,Messaging Completed (%),Messaging Pended,Messaging Pended (%),Messaging Deleted,Messaging Deleted (%),Messaging Transferred,Messaging Transferred (%),Avg. Messaging Time To Answer,Longest Messaging Time to Answer,Total Messaging Time to Answer,Total Connected Messaging Duration,Avg. Connected Messaging Duration,Outbound Messaging Started,Outbound Messaging Completed,Outbound Messaging Completed (%),Outbound Messaging Pended,Outbound Messaging Pended (%),Outbound Messaging Deleted,Outbound Messaging Deleted (%),Outbound Messaging Transferred,Outbound Messaging Transferred (%),Total Outbound Messaging Duration,Avg. Outbound Messaging Duration,Avg. Messaging Wrap-up Duration,Total Messaging Wrap-up Duration,Total Tasks Queued,Direct Tasks Queued,Transferred Tasks Queued,Tasks Completed,Tasks Completed (%),Tasks Deleted,Tasks Deleted (%),Tasks Transferred,Tasks Transferred (%),Avg. Task Time To Answer,Longest Task Time to Answer,Total Task Time to Answer,Total Connected Task Duration,Avg. Connected Task Duration,Avg. Task Wrap-up Duration,Total Task Wrap-up Duration
Allerdale: Benefits,294,225,69,259,88.1,35,11.9,0,0,0,0,0,0,24:17:05,00:05:38,00:30:12,03:24:01,00:05:50,00:20:22,52,51,98.1,11,3.5,26:35:21,00:05:09,09:48:59,00:01:54,0,0,0,0,0,0,0,0,0,0,0,0,00:00:00,00:00:00,00:00:00,00:00:00,00:00:00,0,0,0,0,0,00:00:00,00:00:00,00:00:00,00:00:00,00:00:00,0,0,0,0,0,0,0,0,0,0,0,0,0,0,0,0,0,0,0,0,0,0,0,0,0,0,0,00:00:00,00:00:00,00:00:00,00:00:00,00:00:00,0,0,0,0,0,0,0,0,0,00:00:00,00:00:00,00:00:00,00:00:00,0,0,0,0,0,0,0,0,0,00:00:00,00:00:00,00:00:00,00:00:00,00:00:00,00:00:00,00:00:00
Allerdale: Council Tax,1810,1642,168,1633,90.2,177,9.8,0,0,0,0,0,0,150:13:16,00:05:31,00:27:43,10:52:53,00:03:41,00:14:30,123,103,83.7,90,5.2,150:02:53,00:05:11,49:51:45,00:01:42,0,0,0,0,0,0,0,0,0,0,0,0,00:00:00,00:00:00,00:00:00,00:00:00,00:00:00,0,0,0,0,0,00:00:00,00:00:00,00:00:00,00:00:00,00:00:00,0,0,0,0,0,0,0,0,0,0,0,0,0,0,0,0,0,0,0,0,0,0,0,0,0,0,0,00:00:00,00:00:00,00:00:00,00:00:00,00:00:00,0,0,0,0,0,0,0,0,0,00:00:00,00:00:00,00:00:00,00:00:00,0,0,0,0,0,0,0,0,0,00:00:00,00:00:00,00:00:00,00:00:00,00:00:00,00:00:00,00:00:00
Allerdale: General Enquiries,964,941,23,938,97.3,26,2.7,0,0,0,0,0,0,17:53:35,00:01:09,00:08:18,00:33:01,00:01:16,00:04:51,89,74,83.1,427,42.2,43:47:14,00:02:36,29:00:58,00:01:42,0,0,0,1,0,0,1,100,0,0,0,0,06:10:00,06:10:00,06:10:00,72:34:05,72:34:05,0,0,0,0,0,00:00:00,00:00:00,00:00:00,00:00:00,00:00:00,0,0,0,0,0,0,0,0,0,0,0,0,0,0,0,0,0,0,0,0,0,0,0,0,0,0,0,00:00:00,00:00:00,00:00:00,00:00:00,00:00:00,0,0,0,0,0,0,0,0,0,00:00:00,00:00:00,00:00:00,00:00:00,0,0,0,0,0,0,0,0,0,00:00:00,00:00:00,00:00:00,00:00:00,00:00:00,00:00:00,00:00:00
Allerdale: Licensing,172,167,5,155,90.1,17,9.9,0,0,0,0,0,0,11:53:57,00:04:36,00:16:55,01:24:49,00:04:59,00:12:53,11,11,100,28,16.9,10:47:02,00:03:54,03:07:39,00:01:08,0,0,0,0,0,0,0,0,0,0,0,0,00:00:00,00:00:00,00:00:00,00:00:00,00:00:00,0,0,0,0,0,00:00:00,00:00:00,00:00:00,00:00:00,00:00:00,0,0,0,0,0,0,0,0,0,0,0,0,0,0,0,0,0,0,0,0,0,0,0,0,0,0,0,00:00:00,00:00:00,00:00:00,00:00:00,00:00:00,0,0,0,0,0,0,0,0,0,00:00:00,00:00:00,00:00:00,00:00:00,0,0,0,0,0,0,0,0,0,00:00:00,00:00:00,00:00:00,00:00:00,00:00:00,00:00:00,00:00:00
Allerdale: Planning,209,207,2,169,80.9,40,19.1,0,0,0,0,0,0,11:47:44,00:04:11,00:18:46,02:48:37,00:04:13,00:23:10,5,5,100,90,51.7,07:16:15,00:02:30,02:24:50,00:00:50,0,0,0,0,0,0,0,0,0,0,0,0,00:00:00,00:00:00,00:00:00,00:00:00,00:00:00,0,0,0,0,0,00:00:00,00:00:00,00:00:00,00:00:00,00:00:00,0,0,0,0,0,0,0,0,0,0,0,0,0,0,0,0,0,0,0,0,0,0,0,0,0,0,0,00:00:00,00:00:00,00:00:00,00:00:00,00:00:00,0,0,0,0,0,0,0,0,0,00:00:00,00:00:00,00:00:00,00:00:00,0,0,0,0,0,0,0,0,0,00:00:00,00:00:00,00:00:00,00:00:00,00:00:00,00:00:00,00:00:00
Allerdale: Waste,979,924,55,881,90.0,98,10.0,0,0,0,0,0,0,59:28:03,00:04:03,00:27:41,07:19:46,00:04:29,00:17:06,132,104,78.8,50,5.1,64:29:59,00:03:56,20:35:03,00:01:13,0,0,0,0,0,0,0,0,0,0,0,0,00:00:00,00:00:00,00:00:00,00:00:00,00:00:00,0,0,0,0,0,00:00:00,00:00:00,00:00:00,00:00:00,00:00:00,0,0,0,0,0,0,0,0,0,0,0,0,0,0,0,0,0,0,0,0,0,0,0,0,0,0,0,00:00:00,00:00:00,00:00:00,00:00:00,00:00:00,0,0,0,0,0,0,0,0,0,00:00:00,00:00:00,00:00:00,00:00:00,0,0,0,0,0,0,0,0,0,00:00:00,00:00:00,00:00:00,00:00:00,00:00:00,00:00:00,00:00:00
Blue Badge,513,462,51,498,97.1,15,2.9,0,0,0,0,0,0,15:03:32,00:01:49,00:16:17,01:06:00,00:04:24,00:15:43,194,168,86.6,6,0.9,38:23:27,00:03:28,27:08:41,00:02:21,3,0,3,3,2,66.7,1,33.3,0,0,0,0,00:54:33,00:18:11,00:34:25,01:28:43,04:26:10,0,0,0,0,0,00:00:00,00:00:00,00:00:00,00:00:31,00:00:10,0,0,0,0,0,0,0,0,0,0,0,0,0,0,0,0,0,0,0,0,0,0,0,0,0,0,0,00:00:00,00:00:00,00:00:00,00:00:00,00:00:00,0,0,0,0,0,0,0,0,0,00:00:00,00:00:00,00:00:00,00:00:00,0,0,0,0,0,0,0,0,0,00:00:00,00:00:00,00:00:00,00:00:00,00:00:00,00:00:00,00:00:00
Blue Badge (email),0,0,0,0,0,0,0,0,0,0,0,0,0,00:00:00,00:00:00,00:00:00,00:00:00,00:00:00,00:00:00,0,0,0,0,0,00:00:00,00:00:00,00:00:00,00:00:00,890,880,10,890,221,24.8,649,72.9,9,1.0,11,1.3,578:33:22,00:39:00,88:01:42,06:11:51,5515:40:31,217,202,93.1,15,6.9,00:43:00,13:25:58,00:03:43,03:59:27,00:00:13,0,650,0,0,0,650,0,0,0,650,0,0,0,650,0,0,0,0,0,0,0,0,0,0,0,0,0,00:00:00,00:00:00,00:00:00,00:00:00,00:00:00,0,0,0,0,0,0,0,0,0,00:00:00,00:00:00,00:00:00,00:00:00,0,0,0,0,0,0,0,0,0,00:00:00,00:00:00,00:00:00,00:00:00,00:00:00,00:00:00,00:00:00
Carer Survey,22,22,0,20,90.9,2,9.1,0,0,0,0,0,0,00:27:51,00:01:24,00:08:31,00:01:39,00:00:50,00:01:33,0,0,0,2,10,00:58:19,00:02:55,00:29:07,00:01:27,0,0,0,0,0,0,0,0,0,0,0,0,00:00:00,00:00:00,00:00:00,00:00:00,00:00:00,0,0,0,0,0,00:00:00,00:00:00,00:00:00,00:00:00,00:00:00,0,0,0,0,0,0,0,0,0,0,0,0,0,0,0,0,0,0,0,0,0,0,0,0,0,0,0,00:00:00,00:00:00,00:00:00,00:00:00,00:00:00,0,0,0,0,0,0,0,0,0,00:00:00,00:00:00,00:00:00,00:00:00,0,0,0,0,0,0,0,0,0,00:00:00,00:00:00,00:00:00,00:00:00,00:00:00,00:00:00,00:00:00
Carlisle: Benefits,754,704,50,644,85.4,110,14.6,0,0,0,0,0,0,69:22:45,00:06:28,00:34:19,09:24:01,00:05:08,00:19:08,35,26,74.3,48,7.2,54:41:28,00:04:54,15:12:55,00:01:21,0,0,0,0,0,0,0,0,0,0,0,0,00:00:00,00:00:00,00:00:00,00:00:00,00:00:00,0,0,0,0,0,00:00:00,00:00:00,00:00:00,00:00:00,00:00:00,0,0,0,0,0,0,0,0,0,0,0,0,0,0,0,0,0,0,0,0,0,0,0,0,0,0,0,00:00:00,00:00:00,00:00:00,00:00:00,00:00:00,0,0,0,0,0,0,0,0,0,00:00:00,00:00:00,00:00:00,00:00:00,0,0,0,0,0,0,0,0,0,00:00:00,00:00:00,00:00:00,00:00:00,00:00:00,00:00:00,00:00:00
Carlisle: C-Tax Recovery,413,293,120,380,92.0,33,8.0,0,0,0,0,0,0,04:49:15,00:00:46,00:17:41,01:01:11,00:01:51,00:16:31,103,84,81.6,14,3,42:19:11,00:05:28,22:03:35,00:02:44,0,0,0,0,0,0,0,0,0,0,0,0,00:00:00,00:00:00,00:00:00,00:00:00,00:00:00,0,0,0,0,0,00:00:00,00:00:00,00:00:00,00:00:00,00:00:00,0,0,0,0,0,0,0,0,0,0,0,0,0,0,0,0,0,0,0,0,0,0,0,0,0,0,0,00:00:00,00:00:00,00:00:00,00:00:00,00:00:00,0,0,0,0,0,0,0,0,0,00:00:00,00:00:00,00:00:00,00:00:00,1,0,1,0,0,1,100,0,0,05:24:15,05:24:15,05:24:15,00:00:00,00:00:00,00:00:00,00:00:00
Carlisle: Council Tax,1706,1509,197,1457,85.4,249,14.6,0,0,0,0,0,0,157:59:52,00:06:30,00:33:26,19:51:12,00:04:47,00:19:15,65,55,84.6,130,8.6,114:56:27,00:04:34,37:08:10,00:01:28,0,0,0,0,0,0,0,0,0,0,0,0,00:00:00,00:00:00,00:00:00,00:00:00,00:00:00,0,0,0,0,0,00:00:00,00:00:00,00:00:00,00:00:00,00:00:00,0,0,0,0,0,0,0,0,0,0,0,0,0,0,0,0,0,0,0,0,0,0,0,0,0,0,0,00:00:00,00:00:00,00:00:00,00:00:00,00:00:00,0,0,0,0,0,0,0,0,0,00:00:00,00:00:00,00:00:00,00:00:00,0,0,0,0,0,0,0,0,0,00:00:00,00:00:00,00:00:00,00:00:00,00:00:00,00:00:00,00:00:00
Carlisle: Environmental Health,253,231,22,191,75.5,62,24.5,0,0,0,0,0,0,17:03:29,00:05:22,00:31:37,04:57:40,00:04:48,00:19:59,12,8,66.7,30,15.1,13:31:01,00:04:05,05:09:15,00:01:31,0,0,0,0,0,0,0,0,0,0,0,0,00:00:00,00:00:00,00:00:00,00:00:00,00:00:00,0,0,0,0,0,00:00:00,00:00:00,00:00:00,00:00:00,00:00:00,0,0,0,0,0,0,0,0,0,0,0,0,0,0,0,0,0,0,0,0,0,0,0,0,0,0,0,00:00:00,00:00:00,00:00:00,00:00:00,00:00:00,0,0,0,0,0,0,0,0,0,00:00:00,00:00:00,00:00:00,00:00:00,0,0,0,0,0,0,0,0,0,00:00:00,00:00:00,00:00:00,00:00:00,00:00:00,00:00:00,00:00:00
Carlisle: General Enquiries,1859,1818,41,1764,94.9,95,5.1,0,0,0,0,0,0,36:55:00,00:01:15,00:08:22,01:45:58,00:01:07,00:05:18,89,75,84.3,773,42,71:50:25,00:02:21,59:17:03,00:01:55,1,0,1,1,0,0,1,100,0,0,0,0,00:00:49,00:00:49,00:00:49,00:09:36,00:09:36,0,0,0,0,0,00:00:00,00:00:00,00:00:00,00:00:00,00:00:00,0,0,0,0,0,0,0,0,0,0,0,0,0,0,0,0,0,0,0,0,0,0,0,0,0,0,0,00:00:00,00:00:00,00:00:00,00:00:00,00:00:00,0,0,0,0,0,0,0,0,0,00:00:00,00:00:00,00:00:00,00:00:00,0,0,0,0,0,0,0,0,0,00:00:00,00:00:00,00:00:00,00:00:00,00:00:00,00:00:00,00:00:00
Carlisle: Waste and Recycling,1063,1016,47,937,88.1,126,11.9,0,0,0,0,0,0,58:09:44,00:03:43,00:23:43,09:30:25,00:04:32,00:17:34,102,90,88.2,46,4.5,74:09:42,00:04:20,31:18:10,00:01:48,0,0,0,0,0,0,0,0,0,0,0,0,00:00:00,00:00:00,00:00:00,00:00:00,00:00:00,0,0,0,0,0,00:00:00,00:00:00,00:00:00,00:00:00,00:00:00,0,0,0,0,0,0,0,0,0,0,0,0,0,0,0,0,0,0,0,0,0,0,0,0,0,0,0,00:00:00,00:00:00,00:00:00,00:00:00,00:00:00,0,0,0,0,0,0,0,0,0,00:00:00,00:00:00,00:00:00,00:00:00,0,0,0,0,0,0,0,0,0,00:00:00,00:00:00,00:00:00,00:00:00,00:00:00,00:00:00,00:00:00
"Concern, Complaint or Compliment",112,99,13,106,94.6,6,5.4,0,0,0,0,0,0,02:12:45,00:01:15,00:06:49,00:09:10,00:01:32,00:03:32,1,1,100,14,13.1,10:58:01,00:06:09,03:11:24,00:01:47,1,0,1,0,0,0,0,0,0,0,0,0,00:00:00,00:00:00,00:00:00,00:00:00,00:45:59,0,0,0,0,0,00:00:00,00:00:00,00:00:00,00:00:00,00:00:00,0,0,0,0,0,0,0,0,0,0,0,0,0,0,0,0,0,0,0,0,0,0,0,0,0,0,0,00:00:00,00:00:00,00:00:00,00:00:00,00:00:00,0,0,0,0,0,0,0,0,0,00:00:00,00:00:00,00:00:00,00:00:00,0,0,0,0,0,0,0,0,0,00:00:00,00:00:00,00:00:00,00:00:00,00:00:00,00:00:00,00:00:00
Copeland: Benefits,484,455,29,452,93.4,31,6.4,1,0.2,0,0,0,0,24:02:46,00:03:12,00:24:45,02:04:59,00:04:02,00:28:26,23,21,91.3,86,18.2,46:22:46,00:05:53,14:26:31,00:01:49,0,0,0,0,0,0,0,0,0,0,0,0,00:00:00,00:00:00,00:00:00,00:00:00,00:00:00,0,0,0,0,0,00:00:00,00:00:00,00:00:00,00:00:00,00:00:00,0,0,0,0,0,0,0,0,0,0,0,0,0,0,0,0,0,0,0,0,0,0,0,0,0,0,0,00:00:00,00:00:00,00:00:00,00:00:00,00:00:00,0,0,0,0,0,0,0,0,0,00:00:00,00:00:00,00:00:00,00:00:00,0,0,0,0,0,0,0,0,0,00:00:00,00:00:00,00:00:00,00:00:00,00:00:00,00:00:00,00:00:00
Copeland: Council Tax,1012,880,132,956,94.5,56,5.5,0,0,0,0,0,0,53:19:08,00:03:21,00:43:54,05:23:46,00:05:47,01:47:14,12,9,75,289,29.9,78:20:15,00:04:52,32:47:35,00:02:02,0,0,0,0,0,0,0,0,0,0,0,0,00:00:00,00:00:00,00:00:00,00:00:00,00:00:00,0,0,0,0,0,00:00:00,00:00:00,00:00:00,00:00:00,00:00:00,0,0,0,0,0,0,0,0,0,0,0,0,0,0,0,0,0,0,0,0,0,0,0,0,0,0,0,00:00:00,00:00:00,00:00:00,00:00:00,00:00:00,0,0,0,0,0,0,0,0,0,00:00:00,00:00:00,00:00:00,00:00:00,0,0,0,0,0,0,0,0,0,00:00:00,00:00:00,00:00:00,00:00:00,00:00:00,00:00:00,00:00:00
Copeland: General Enquiry,1060,1042,18,1021,96.3,39,3.7,0,0,0,0,0,0,16:26:03,00:00:58,00:09:05,00:40:20,00:01:02,00:05:27,56,49,87.5,370,34.6,51:41:09,00:02:54,33:51:45,00:01:53,0,0,0,0,0,0,0,0,0,0,0,0,00:00:00,00:00:00,00:00:00,00:00:00,00:00:00,0,0,0,0,0,00:00:00,00:00:00,00:00:00,00:00:00,00:00:00,0,0,0,0,0,0,0,0,0,0,0,0,0,0,0,0,0,0,0,0,0,0,0,0,0,0,0,00:00:00,00:00:00,00:00:00,00:00:00,00:00:00,0,0,0,0,0,0,0,0,0,00:00:00,00:00:00,00:00:00,00:00:00,0,0,0,0,0,0,0,0,0,00:00:00,00:00:00,00:00:00,00:00:00,00:00:00,00:00:00,00:00:00
Copeland: Make a Payment,242,241,1,211,87.2,31,12.8,0,0,0,0,0,0,09:38:07,00:02:44,00:19:44,01:17:37,00:02:30,00:11:40,3,2,66.7,37,17.4,15:48:35,00:04:27,07:19:02,00:02:03,0,0,0,0,0,0,0,0,0,0,0,0,00:00:00,00:00:00,00:00:00,00:00:00,00:00:00,0,0,0,0,0,00:00:00,00:00:00,00:00:00,00:00:00,00:00:00,0,0,0,0,0,0,0,0,0,0,0,0,0,0,0,0,0,0,0,0,0,0,0,0,0,0,0,00:00:00,00:00:00,00:00:00,00:00:00,00:00:00,0,0,0,0,0,0,0,0,0,00:00:00,00:00:00,00:00:00,00:00:00,0,0,0,0,0,0,0,0,0,00:00:00,00:00:00,00:00:00,00:00:00,00:00:00,00:00:00,00:00:00
Copeland: Waste,746,713,33,704,94.4,42,5.6,0,0,0,0,0,0,25:32:57,00:02:11,00:18:12,01:55:02,00:02:44,00:08:59,117,93,79.5,45,5.6,50:24:22,00:03:48,29:34:25,00:02:10,0,0,0,0,0,0,0,0,0,0,0,0,00:00:00,00:00:00,00:00:00,00:00:00,00:00:00,0,0,0,0,0,00:00:00,00:00:00,00:00:00,00:00:00,00:00:00,0,0,0,0,0,0,0,0,0,0,0,0,0,0,0,0,0,0,0,0,0,0,0,0,0,0,0,00:00:00,00:00:00,00:00:00,00:00:00,00:00:00,0,0,0,0,0,0,0,0,0,00:00:00,00:00:00,00:00:00,00:00:00,0,0,0,0,0,0,0,0,0,00:00:00,00:00:00,00:00:00,00:00:00,00:00:00,00:00:00,00:00:00
Cumberland Service Centre Outbound,121,17,104,80,66.1,37,30.6,4,3.3,0,0,0,0,00:29:42,00:00:22,00:03:57,00:26:06,00:00:42,00:03:14,0,0,0,1,1.3,07:27:14,00:05:35,02:21:26,00:01:41,0,0,0,0,0,0,0,0,0,0,0,0,00:00:00,00:00:00,00:00:00,00:00:00,00:00:00,0,0,0,0,0,00:00:00,00:00:00,00:00:00,00:00:00,00:00:00,0,0,0,0,0,0,0,0,0,0,0,0,0,0,0,0,0,0,0,0,0,0,0,0,0,0,0,00:00:00,00:00:00,00:00:00,00:00:00,00:00:00,0,0,0,0,0,0,0,0,0,00:00:00,00:00:00,00:00:00,00:00:00,0,0,0,0,0,0,0,0,0,00:00:00,00:00:00,00:00:00,00:00:00,00:00:00,00:00:00,00:00:00
Elections,0,0,0,0,0,0,0,0,0,0,0,0,0,00:00:00,00:00:00,00:00:00,00:00:00,00:00:00,00:00:00,0,0,0,0,0,00:00:00,00:00:00,00:00:00,00:00:00,0,0,0,0,0,0,0,0,0,0,0,0,00:00:00,00:00:00,00:00:00,00:00:00,00:00:00,0,0,0,0,0,00:00:00,00:00:00,00:00:00,00:00:00,00:00:00,0,0,0,0,0,0,0,0,0,0,0,0,0,0,0,0,0,0,0,0,0,0,0,0,0,0,0,00:00:00,00:00:00,00:00:00,00:00:00,00:00:00,0,0,0,0,0,0,0,0,0,00:00:00,00:00:00,00:00:00,00:00:00,0,0,0,0,0,0,0,0,0,00:00:00,00:00:00,00:00:00,00:00:00,00:00:00,00:00:00,00:00:00
Free School Meals and Clothing Grants,96,93,3,86,89.6,10,10.4,0,0,0,0,0,0,02:42:44,00:01:54,00:11:50,00:35:23,00:03:32,00:09:35,2,2,100,2,2.3,04:08:57,00:02:50,04:51:17,00:03:19,0,0,0,0,0,0,0,0,0,0,0,0,00:00:00,00:00:00,00:00:00,00:00:00,00:00:00,0,0,0,0,0,00:00:00,00:00:00,00:00:00,00:00:00,00:00:00,0,0,0,0,0,0,0,0,0,0,0,0,0,0,0,0,0,0,0,0,0,0,0,0,0,0,0,00:00:00,00:00:00,00:00:00,00:00:00,00:00:00,0,0,0,0,0,0,0,0,0,00:00:00,00:00:00,00:00:00,00:00:00,0,0,0,0,0,0,0,0,0,00:00:00,00:00:00,00:00:00,00:00:00,00:00:00,00:00:00,00:00:00
Free School Meals and Clothing Grants (email),0,0,0,0,0,0,0,0,0,0,0,0,0,00:00:00,00:00:00,00:00:00,00:00:00,00:00:00,00:00:00,0,0,0,0,0,00:00:00,00:00:00,00:00:00,00:00:00,164,153,11,164,93,56.7,55,33.5,5,3.1,11,6.7,432:53:52,02:38:23,90:25:29,07:38:52,1254:13:43,40,35,87.5,5,12.5,01:30:14,07:34:47,00:11:22,01:01:38,00:00:18,0,72,0,0,0,72,0,0,0,72,0,0,0,72,0,0,0,0,0,0,0,0,0,0,0,0,0,00:00:00,00:00:00,00:00:00,00:00:00,00:00:00,0,0,0,0,0,0,0,0,0,00:00:00,00:00:00,00:00:00,00:00:00,0,0,0,0,0,0,0,0,0,00:00:00,00:00:00,00:00:00,00:00:00,00:00:00,00:00:00,00:00:00
General Enquiries,1,0,1,1,100,0,0,0,0,0,0,0,0,00:00:13,00:00:13,00:00:13,00:00:00,00:00:00,00:00:00,16,13,81.3,2,14.3,00:52:37,00:03:46,00:45:37,00:02:41,0,0,0,0,0,0,0,0,0,0,0,0,00:00:00,00:00:00,00:00:00,00:00:00,00:00:00,0,0,0,0,0,00:00:00,00:00:00,00:00:00,00:00:00,00:00:00,0,0,0,0,0,0,0,0,0,0,0,0,0,0,0,0,0,0,0,0,0,0,0,0,0,0,0,00:00:00,00:00:00,00:00:00,00:00:00,00:00:00,0,0,0,0,0,0,0,0,0,00:00:00,00:00:00,00:00:00,00:00:00,0,0,0,0,0,0,0,0,0,00:00:00,00:00:00,00:00:00,00:00:00,00:00:00,00:00:00,00:00:00
General Enquiries (email),0,0,0,0,0,0,0,0,0,0,0,0,0,00:00:00,00:00:00,00:00:00,00:00:00,00:00:00,00:00:00,0,0,0,0,0,00:00:00,00:00:00,00:00:00,00:00:00,221,220,1,222,54,24.3,115,51.8,50,22.5,3,1.4,207:22:25,00:56:03,120:21:26,04:41:43,1042:19:48,3,3,100,0,0,00:00:58,00:02:47,00:00:56,02:16:02,00:00:36,0,109,0,0,0,109,0,0,0,109,0,0,0,109,0,0,0,0,0,0,0,0,0,0,0,0,0,00:00:00,00:00:00,00:00:00,00:00:00,00:00:00,0,0,0,0,0,0,0,0,0,00:00:00,00:00:00,00:00:00,00:00:00,0,0,0,0,0,0,0,0,0,00:00:00,00:00:00,00:00:00,00:00:00,00:00:00,00:00:00,00:00:00
Health and Wellbeing (email),0,0,0,0,0,0,0,0,0,0,0,0,0,00:00:00,00:00:00,00:00:00,00:00:00,00:00:00,00:00:00,0,0,0,0,0,00:00:00,00:00:00,00:00:00,00:00:00,258,253,5,259,63,24.3,191,73.8,0,0,5,1.9,64:30:04,00:14:57,16:17:09,02:41:18,696:17:07,193,186,96.4,7,3.6,00:26:29,10:19:08,00:03:12,01:12:34,00:00:10,0,149,0,0,0,149,0,0,0,149,0,0,0,149,0,0,0,0,0,0,0,0,0,0,0,0,0,00:00:00,00:00:00,00:00:00,00:00:00,00:00:00,0,0,0,0,0,0,0,0,0,00:00:00,00:00:00,00:00:00,00:00:00,0,0,0,0,0,0,0,0,0,00:00:00,00:00:00,00:00:00,00:00:00,00:00:00,00:00:00,00:00:00
Highways Existing Defects,185,148,37,175,94.6,10,5.4,0,0,0,0,0,0,04:47:47,00:01:39,00:10:41,00:18:53,00:01:53,00:05:18,1,1,100,15,8.5,16:05:31,00:05:29,06:32:22,00:02:14,0,0,0,0,0,0,0,0,0,0,0,0,00:00:00,00:00:00,00:00:00,00:00:00,00:00:00,0,0,0,0,0,00:00:00,00:00:00,00:00:00,00:00:00,00:00:00,0,0,0,0,0,0,0,0,0,0,0,0,0,0,0,0,0,0,0,0,0,0,0,0,0,0,0,00:00:00,00:00:00,00:00:00,00:00:00,00:00:00,0,0,0,0,0,0,0,0,0,00:00:00,00:00:00,00:00:00,00:00:00,0,0,0,0,0,0,0,0,0,00:00:00,00:00:00,00:00:00,00:00:00,00:00:00,00:00:00,00:00:00
Highways Hotline - Email,1,0,1,1,100,0,0,0,0,0,0,0,0,00:02:05,00:02:05,00:02:05,00:00:00,00:00:00,00:00:00,0,0,0,0,0,00:10:34,00:10:34,00:00:00,00:00:00,425,404,21,421,195,46.3,178,42.3,24,5.7,24,5.7,1189:38:10,02:49:33,478:13:21,10:10:35,4284:14:21,247,191,77.3,56,22.7,00:47:15,17:15:01,00:04:11,01:56:28,00:00:10,0,236,0,0,0,236,0,0,0,236,0,0,0,236,0,0,0,0,0,0,0,0,0,0,0,0,0,00:00:00,00:00:00,00:00:00,00:00:00,00:00:00,0,0,0,0,0,0,0,0,0,00:00:00,00:00:00,00:00:00,00:00:00,0,0,0,0,0,0,0,0,0,00:00:00,00:00:00,00:00:00,00:00:00,00:00:00,00:00:00,00:00:00
Highways New Defect,323,244,79,298,92.3,25,7.7,0,0,0,0,0,0,07:12:53,00:01:27,00:10:52,01:16:18,00:03:03,00:11:49,3,2,66.7,17,5.7,24:46:44,00:04:57,11:08:30,00:02:13,0,0,0,0,0,0,0,0,0,0,0,0,00:00:00,00:00:00,00:00:00,00:00:00,00:00:00,0,0,0,0,0,00:00:00,00:00:00,00:00:00,00:00:00,00:00:00,0,0,0,0,0,0,0,0,0,0,0,0,0,0,0,0,0,0,0,0,0,0,0,0,0,0,0,00:00:00,00:00:00,00:00:00,00:00:00,00:00:00,0,0,0,0,0,0,0,0,0,00:00:00,00:00:00,00:00:00,00:00:00,0,0,0,0,0,0,0,0,0,00:00:00,00:00:00,00:00:00,00:00:00,00:00:00,00:00:00,00:00:00
Highways Other Enquiries,475,414,61,434,91.4,39,8.2,2,0.4,0,0,0,0,13:59:42,00:01:56,00:13:57,02:07:29,00:03:16,00:11:08,1,1,100,44,10.1,29:24:58,00:04:03,81:46:07,00:11:14,1,0,1,1,0,0,1,100,0,0,0,0,00:09:08,00:09:08,00:09:08,00:09:49,00:09:49,0,0,0,0,0,00:00:00,00:00:00,00:00:00,00:00:11,00:00:11,0,0,0,0,0,0,0,0,0,0,0,0,0,0,0,0,0,0,0,0,0,0,0,0,0,0,0,00:00:00,00:00:00,00:00:00,00:00:00,00:00:00,0,0,0,0,0,0,0,0,0,00:00:00,00:00:00,00:00:00,00:00:00,0,0,0,0,0,0,0,0,0,00:00:00,00:00:00,00:00:00,00:00:00,00:00:00,00:00:00,00:00:00
Household Support Fund,176,110,66,166,94.3,10,5.7,0,0,0,0,0,0,05:00:24,00:01:49,00:11:02,00:21:12,00:02:07,00:09:17,43,39,90.7,15,7.3,10:40:58,00:03:08,07:26:08,00:02:08,0,0,0,0,0,0,0,0,0,0,0,0,00:00:00,00:00:00,00:00:00,00:00:00,00:00:00,0,0,0,0,0,00:00:00,00:00:00,00:00:00,00:00:00,00:00:00,0,0,0,0,0,0,0,0,0,0,0,0,0,0,0,0,0,0,0,0,0,0,0,0,0,0,0,00:00:00,00:00:00,00:00:00,00:00:00,00:00:00,0,0,0,0,0,0,0,0,0,00:00:00,00:00:00,00:00:00,00:00:00,0,0,0,0,0,0,0,0,0,00:00:00,00:00:00,00:00:00,00:00:00,00:00:00,00:00:00,00:00:00
Information Requests,32,32,0,2,6.2,0,0,30,93.8,0,0,0,0,00:07:31,00:03:46,00:07:07,00:00:00,00:00:00,00:00:00,1,1,100,0,0,00:05:40,00:01:53,00:08:29,00:00:15,0,0,0,0,0,0,0,0,0,0,0,0,00:00:00,00:00:00,00:00:00,00:00:00,00:00:00,0,0,0,0,0,00:00:00,00:00:00,00:00:00,00:00:00,00:00:00,0,0,0,0,0,0,0,0,0,0,0,0,0,0,0,0,0,0,0,0,0,0,0,0,0,0,0,00:00:00,00:00:00,00:00:00,00:00:00,00:00:00,0,0,0,0,0,0,0,0,0,00:00:00,00:00:00,00:00:00,00:00:00,0,0,0,0,0,0,0,0,0,00:00:00,00:00:00,00:00:00,00:00:00,00:00:00,00:00:00,00:00:00
Parking Enquiries,135,102,33,126,93.3,9,6.7,0,0,0,0,0,0,02:01:41,00:00:58,00:10:54,00:16:29,00:01:50,00:05:17,0,0,0,5,4,07:08:13,00:03:24,04:08:17,00:01:58,1,0,1,1,0,0,1,100,0,0,0,0,00:04:57,00:04:57,00:04:57,01:00:30,01:00:30,0,0,0,0,0,00:00:00,00:00:00,00:00:00,00:00:00,00:00:00,0,0,0,0,0,0,0,0,0,0,0,0,0,0,0,0,0,0,0,0,0,0,0,0,0,0,0,00:00:00,00:00:00,00:00:00,00:00:00,00:00:00,0,0,0,0,0,0,0,0,0,00:00:00,00:00:00,00:00:00,00:00:00,0,0,0,0,0,0,0,0,0,00:00:00,00:00:00,00:00:00,00:00:00,00:00:00,00:00:00,00:00:00
Registration Birth Appointments,72,71,1,67,93.1,5,6.9,0,0,0,0,0,0,03:28:35,00:03:07,00:13:01,00:18:35,00:03:43,00:08:20,1,1,100,1,1.5,04:03:21,00:03:35,03:05:46,00:02:44,0,0,0,0,0,0,0,0,0,0,0,0,00:00:00,00:00:00,00:00:00,00:00:00,00:00:00,0,0,0,0,0,00:00:00,00:00:00,00:00:00,00:00:00,00:00:00,0,0,0,0,0,0,0,0,0,0,0,0,0,0,0,0,0,0,0,0,0,0,0,0,0,0,0,00:00:00,00:00:00,00:00:00,00:00:00,00:00:00,0,0,0,0,0,0,0,0,0,00:00:00,00:00:00,00:00:00,00:00:00,0,0,0,0,0,0,0,0,0,00:00:00,00:00:00,00:00:00,00:00:00,00:00:00,00:00:00,00:00:00
Registration Ceremonies,383,367,16,341,89.0,42,11.0,0,0,0,0,0,0,19:11:00,00:03:23,00:14:37,02:15:11,00:03:13,00:14:46,40,36,90,0,0,37:56:56,00:06:02,19:40:01,00:03:06,1,0,1,1,0,0,1,100,0,0,0,0,00:22:15,00:22:15,00:22:15,16:16:33,16:16:33,0,0,0,0,0,00:00:00,00:00:00,00:00:00,00:00:10,00:00:10,0,0,0,0,0,0,0,0,0,0,0,0,0,0,0,0,0,0,0,0,0,0,0,0,0,0,0,00:00:00,00:00:00,00:00:00,00:00:00,00:00:00,0,0,0,0,0,0,0,0,0,00:00:00,00:00:00,00:00:00,00:00:00,0,0,0,0,0,0,0,0,0,00:00:00,00:00:00,00:00:00,00:00:00,00:00:00,00:00:00,00:00:00
Registration Ceremonies (Email),0,0,0,0,0,0,0,0,0,0,0,0,0,00:00:00,00:00:00,00:00:00,00:00:00,00:00:00,00:00:00,0,0,0,0,0,00:00:00,00:00:00,00:00:00,00:00:00,266,258,8,269,49,18.2,213,79.2,2,0.7,5,1.9,573:16:49,02:07:52,65:20:54,17:21:19,4668:36:07,46,42,91.3,4,8.7,00:23:09,03:48:43,00:04:58,01:03:39,00:00:12,0,133,0,0,0,133,0,0,0,133,0,0,0,133,0,0,0,0,0,0,0,0,0,0,0,0,0,00:00:00,00:00:00,00:00:00,00:00:00,00:00:00,0,0,0,0,0,0,0,0,0,00:00:00,00:00:00,00:00:00,00:00:00,0,0,0,0,0,0,0,0,0,00:00:00,00:00:00,00:00:00,00:00:00,00:00:00,00:00:00,00:00:00
Registration Certificates,191,189,2,163,85.3,28,14.7,0,0,0,0,0,0,08:45:07,00:03:13,00:14:54,01:36:00,00:03:26,00:15:28,5,4,80,0,0,16:05:17,00:05:47,08:46:43,00:03:08,0,0,0,0,0,0,0,0,0,0,0,0,00:00:00,00:00:00,00:00:00,00:00:00,00:00:00,0,0,0,0,0,00:00:00,00:00:00,00:00:00,00:00:00,00:00:00,0,0,0,0,0,0,0,0,0,0,0,0,0,0,0,0,0,0,0,0,0,0,0,0,0,0,0,00:00:00,00:00:00,00:00:00,00:00:00,00:00:00,0,0,0,0,0,0,0,0,0,00:00:00,00:00:00,00:00:00,00:00:00,0,0,0,0,0,0,0,0,0,00:00:00,00:00:00,00:00:00,00:00:00,00:00:00,00:00:00,00:00:00
Registration Death Appointments,149,146,3,142,95.3,7,4.7,0,0,0,0,0,0,04:52:16,00:02:03,00:17:06,00:13:36,00:01:57,00:05:13,309,272,88,1,0.2,24:16:08,00:03:31,18:03:48,00:02:24,0,0,0,0,0,0,0,0,0,0,0,0,00:00:00,00:00:00,00:00:00,00:00:00,00:00:00,0,0,0,0,0,00:00:00,00:00:00,00:00:00,00:00:00,00:00:00,0,0,0,0,0,0,0,0,0,0,0,0,0,0,0,0,0,0,0,0,0,0,0,0,0,0,0,00:00:00,00:00:00,00:00:00,00:00:00,00:00:00,0,0,0,0,0,0,0,0,0,00:00:00,00:00:00,00:00:00,00:00:00,0,0,0,0,0,0,0,0,0,00:00:00,00:00:00,00:00:00,00:00:00,00:00:00,00:00:00,00:00:00
Registration General Enquiries,291,285,6,251,86.3,40,13.7,0,0,0,0,0,0,13:36:10,00:03:15,00:17:34,01:57:28,00:02:56,00:13:13,3,3,100,21,8.3,18:54:12,00:04:28,14:17:34,00:03:23,1,0,1,1,1,100,0,0,0,0,0,0,00:09:37,00:09:37,00:09:37,01:43:45,01:43:45,0,0,0,0,0,00:00:00,00:00:00,00:00:00,00:00:06,00:00:06,0,0,0,0,0,0,0,0,0,0,0,0,0,0,0,0,0,0,0,0,0,0,0,0,0,0,0,00:00:00,00:00:00,00:00:00,00:00:00,00:00:00,0,0,0,0,0,0,0,0,0,00:00:00,00:00:00,00:00:00,00:00:00,0,0,0,0,0,0,0,0,0,00:00:00,00:00:00,00:00:00,00:00:00,00:00:00,00:00:00,00:00:00
Registration General Enquiries (Email),0,0,0,0,0,0,0,0,0,0,0,0,0,00:00:00,00:00:00,00:00:00,00:00:00,00:00:00,00:00:00,0,0,0,0,0,00:00:00,00:00:00,00:00:00,00:00:00,452,447,5,452,281,62.2,153,33.8,6,1.3,12,2.7,546:04:23,01:12:29,89:43:30,11:46:33,5322:41:38,235,210,89.4,25,10.6,00:39:09,21:00:40,00:05:22,01:54:52,00:00:10,0,299,0,0,0,299,0,0,0,299,0,0,0,299,0,0,0,0,0,0,0,0,0,0,0,0,0,00:00:00,00:00:00,00:00:00,00:00:00,00:00:00,0,0,0,0,0,0,0,0,0,00:00:00,00:00:00,00:00:00,00:00:00,0,0,0,0,0,0,0,0,0,00:00:00,00:00:00,00:00:00,00:00:00,00:00:00,00:00:00,00:00:00
Registration Marriage Notice Appointments,82,81,1,72,87.8,10,12.2,0,0,0,0,0,0,03:28:34,00:02:54,00:12:22,00:35:01,00:03:30,00:05:40,5,5,100,2,2.6,07:36:22,00:05:56,04:28:44,00:03:29,0,0,0,0,0,0,0,0,0,0,0,0,00:00:00,00:00:00,00:00:00,00:00:00,00:00:00,0,0,0,0,0,00:00:00,00:00:00,00:00:00,00:00:00,00:00:00,0,0,0,0,0,0,0,0,0,0,0,0,0,0,0,0,0,0,0,0,0,0,0,0,0,0,0,00:00:00,00:00:00,00:00:00,00:00:00,00:00:00,0,0,0,0,0,0,0,0,0,00:00:00,00:00:00,00:00:00,00:00:00,0,0,0,0,0,0,0,0,0,00:00:00,00:00:00,00:00:00,00:00:00,00:00:00,00:00:00,00:00:00
Registration Online Enquiries (Email),0,0,0,0,0,0,0,0,0,0,0,0,0,00:00:00,00:00:00,00:00:00,00:00:00,00:00:00,00:00:00,0,0,0,0,0,00:00:00,00:00:00,00:00:00,00:00:00,2,0,2,2,2,100,0,0,0,0,0,0,00:25:08,00:12:34,00:24:46,08:11:31,16:23:01,3,0,0,3,100,00:03:29,00:03:53,00:01:18,00:04:00,00:00:48,0,1,0,0,0,1,0,0,0,1,0,0,0,1,0,0,0,0,0,0,0,0,0,0,0,0,0,00:00:00,00:00:00,00:00:00,00:00:00,00:00:00,0,0,0,0,0,0,0,0,0,00:00:00,00:00:00,00:00:00,00:00:00,0,0,0,0,0,0,0,0,0,00:00:00,00:00:00,00:00:00,00:00:00,00:00:00,00:00:00,00:00:00
SPA Carlisle - Outbound,7,0,7,6,85.7,1,14.3,0,0,0,0,0,0,00:01:30,00:00:15,00:00:30,00:08:55,00:08:55,00:08:55,264,217,82.2,1,0.4,14:58:44,00:04:02,08:49:00,00:01:58,1,0,1,1,1,100,0,0,0,0,0,0,00:02:17,00:02:17,00:02:17,00:02:18,00:02:18,0,0,0,0,0,00:00:00,00:00:00,00:00:00,00:00:00,00:00:00,0,1,0,0,0,1,0,0,0,1,0,0,0,1,0,0,0,0,0,0,0,0,0,0,0,0,0,00:00:00,00:00:00,00:00:00,00:00:00,00:00:00,0,0,0,0,0,0,0,0,0,00:00:00,00:00:00,00:00:00,00:00:00,0,0,0,0,0,0,0,0,0,00:00:00,00:00:00,00:00:00,00:00:00,00:00:00,00:00:00,00:00:00
SPA Carlisle - Professional - Customer Enquiry,459,455,4,447,97.4,12,2.6,0,0,0,0,0,0,03:14:59,00:00:26,00:05:17,00:25:29,00:02:07,00:08:43,6,4,66.7,26,5.8,21:11:23,00:02:49,15:45:26,00:02:05,1,0,1,1,1,100,0,0,0,0,0,0,00:03:44,00:03:44,00:03:44,02:41:47,02:41:47,1,1,100,0,0,00:00:23,00:00:23,00:00:23,00:00:00,00:00:00,0,0,0,0,0,0,0,0,0,0,0,0,0,0,0,0,0,0,0,0,0,0,0,0,0,0,0,00:00:00,00:00:00,00:00:00,00:00:00,00:00:00,0,0,0,0,0,0,0,0,0,00:00:00,00:00:00,00:00:00,00:00:00,0,0,0,0,0,0,0,0,0,00:00:00,00:00:00,00:00:00,00:00:00,00:00:00,00:00:00,00:00:00
SPA Carlisle - Professional - Named Professional,143,143,0,142,99.3,1,0.7,0,0,0,0,0,0,00:59:17,00:00:25,00:04:24,00:00:04,00:00:04,00:00:04,0,0,0,11,7.7,06:16:35,00:02:39,04:56:30,00:02:05,4,0,4,4,2,50.0,1,25.0,1,25.0,0,0,02:17:37,00:34:24,00:51:38,04:52:13,19:28:52,0,0,0,0,0,00:00:00,00:00:00,00:00:00,00:00:00,00:00:00,0,1,0,0,0,1,0,0,0,1,0,0,0,1,0,0,0,0,0,0,0,0,0,0,0,0,0,00:00:00,00:00:00,00:00:00,00:00:00,00:00:00,0,0,0,0,0,0,0,0,0,00:00:00,00:00:00,00:00:00,00:00:00,0,0,0,0,0,0,0,0,0,00:00:00,00:00:00,00:00:00,00:00:00,00:00:00,00:00:00,00:00:00
SPA Carlisle - Professional - Safeguarding or Mental Health Act Assessment,330,328,2,328,99.4,2,0.6,0,0,0,0,0,0,02:30:45,00:00:28,00:07:25,00:00:03,00:00:02,00:00:02,1,1,100,12,3.6,29:47:34,00:05:26,11:18:50,00:02:04,1,0,1,1,0,0,1,100,0,0,0,0,02:36:54,02:36:54,02:36:54,02:39:14,02:39:14,0,0,0,0,0,00:00:00,00:00:00,00:00:00,00:00:00,00:00:00,0,0,0,0,0,0,0,0,0,0,0,0,0,0,0,0,0,0,0,0,0,0,0,0,0,0,0,00:00:00,00:00:00,00:00:00,00:00:00,00:00:00,0,0,0,0,0,0,0,0,0,00:00:00,00:00:00,00:00:00,00:00:00,0,0,0,0,0,0,0,0,0,00:00:00,00:00:00,00:00:00,00:00:00,00:00:00,00:00:00,00:00:00
SPA Carlisle - Public - Customer Enquiry,417,397,20,408,97.8,9,2.2,0,0,0,0,0,0,02:54:16,00:00:26,00:07:36,00:10:44,00:01:12,00:05:39,1,1,100,47,11.5,30:29:39,00:04:28,13:48:12,00:02:01,0,0,0,0,0,0,0,0,0,0,0,0,00:00:00,00:00:00,00:00:00,00:00:00,00:00:00,0,0,0,0,0,00:00:00,00:00:00,00:00:00,00:00:00,00:00:00,0,0,0,0,0,0,0,0,0,0,0,0,0,0,0,0,0,0,0,0,0,0,0,0,0,0,0,00:00:00,00:00:00,00:00:00,00:00:00,00:00:00,0,0,0,0,0,0,0,0,0,00:00:00,00:00:00,00:00:00,00:00:00,0,0,0,0,0,0,0,0,0,00:00:00,00:00:00,00:00:00,00:00:00,00:00:00,00:00:00,00:00:00
SPA Carlisle - Public - Named Practitioner,156,156,0,153,98.1,3,1.9,0,0,0,0,0,0,01:11:28,00:00:28,00:06:15,00:02:54,00:00:58,00:02:40,0,0,0,22,14.4,08:20:04,00:03:16,05:06:59,00:02:00,2,0,2,2,0,0,1,50.0,1,50.0,0,0,00:20:37,00:10:19,00:15:45,00:10:20,00:20:39,0,0,0,0,0,00:00:00,00:00:00,00:00:00,00:00:00,00:00:00,0,1,0,0,0,1,0,0,0,1,0,0,0,1,0,0,0,0,0,0,0,0,0,0,0,0,0,00:00:00,00:00:00,00:00:00,00:00:00,00:00:00,0,0,0,0,0,0,0,0,0,00:00:00,00:00:00,00:00:00,00:00:00,0,0,0,0,0,0,0,0,0,00:00:00,00:00:00,00:00:00,00:00:00,00:00:00,00:00:00,00:00:00
SPA Carlisle - Public - Safeguarding,9,7,2,9,100,0,0,0,0,0,0,0,0,00:02:21,00:00:16,00:00:22,00:00:00,00:00:00,00:00:00,1,1,100,0,0,00:38:21,00:03:50,00:20:17,00:02:02,1,0,1,1,0,0,1,100,0,0,0,0,00:03:35,00:03:35,00:03:35,00:03:35,00:03:35,0,0,0,0,0,00:00:00,00:00:00,00:00:00,00:00:00,00:00:00,0,0,0,0,0,0,0,0,0,0,0,0,0,0,0,0,0,0,0,0,0,0,0,0,0,0,0,00:00:00,00:00:00,00:00:00,00:00:00,00:00:00,0,0,0,0,0,0,0,0,0,00:00:00,00:00:00,00:00:00,00:00:00,0,0,0,0,0,0,0,0,0,00:00:00,00:00:00,00:00:00,00:00:00,00:00:00,00:00:00,00:00:00
SPA Cumberland - email,0,0,0,0,0,0,0,0,0,0,0,0,0,00:00:00,00:00:00,00:00:00,00:00:00,00:00:00,00:00:00,0,0,0,0,0,00:00:00,00:00:00,00:00:00,00:00:00,1583,1507,76,1583,205,13.0,1287,81.3,5,0.3,86,5.4,1058:12:27,00:40:07,120:52:06,03:47:28,6001:30:14,74,68,91.9,6,8.1,01:39:43,08:11:17,00:06:38,24:12:33,00:00:53,0,854,0,0,0,854,0,0,0,854,0,0,0,854,0,0,0,0,0,0,0,0,0,0,0,0,0,00:00:00,00:00:00,00:00:00,00:00:00,00:00:00,0,0,0,0,0,0,0,0,0,00:00:00,00:00:00,00:00:00,00:00:00,0,0,0,0,0,0,0,0,0,00:00:00,00:00:00,00:00:00,00:00:00,00:00:00,00:00:00,00:00:00
SPA West - Outbound,1,0,1,1,100,0,0,0,0,0,0,0,0,00:00:19,00:00:19,00:00:19,00:00:00,00:00:00,00:00:00,393,322,81.9,0,0,23:24:02,00:04:21,13:06:48,00:02:00,0,0,0,0,0,0,0,0,0,0,0,0,00:00:00,00:00:00,00:00:00,00:00:00,00:00:00,0,0,0,0,0,00:00:00,00:00:00,00:00:00,00:00:00,00:00:00,0,0,0,0,0,0,0,0,0,0,0,0,0,0,0,0,0,0,0,0,0,0,0,0,0,0,0,00:00:00,00:00:00,00:00:00,00:00:00,00:00:00,0,0,0,0,0,0,0,0,0,00:00:00,00:00:00,00:00:00,00:00:00,0,0,0,0,0,0,0,0,0,00:00:00,00:00:00,00:00:00,00:00:00,00:00:00,00:00:00,00:00:00
SPA West - Professional - Customer Enquiry,698,688,10,684,98.0,13,1.9,1,0.1,0,0,0,0,05:17:38,00:00:28,00:06:53,00:07:40,00:00:35,00:04:02,0,0,0,36,5.3,35:57:15,00:03:09,23:41:37,00:02:05,0,0,0,0,0,0,0,0,0,0,0,0,00:00:00,00:00:00,00:00:00,00:00:00,00:00:00,0,0,0,0,0,00:00:00,00:00:00,00:00:00,00:00:00,00:00:00,0,0,0,0,0,0,0,0,0,0,0,0,0,0,0,0,0,0,0,0,0,0,0,0,0,0,0,00:00:00,00:00:00,00:00:00,00:00:00,00:00:00,0,0,0,0,0,0,0,0,0,00:00:00,00:00:00,00:00:00,00:00:00,0,0,0,0,0,0,0,0,0,00:00:00,00:00:00,00:00:00,00:00:00,00:00:00,00:00:00,00:00:00
SPA West - Professional - Named Professional,137,136,1,129,94.2,8,5.8,0,0,0,0,0,0,01:01:31,00:00:29,00:04:57,00:05:26,00:00:41,00:01:39,0,0,0,20,15.5,04:44:19,00:02:12,04:23:09,00:02:02,0,0,0,0,0,0,0,0,0,0,0,0,00:00:00,00:00:00,00:00:00,00:00:00,00:00:00,0,0,0,0,0,00:00:00,00:00:00,00:00:00,00:00:00,00:00:00,0,0,0,0,0,0,0,0,0,0,0,0,0,0,0,0,0,0,0,0,0,0,0,0,0,0,0,00:00:00,00:00:00,00:00:00,00:00:00,00:00:00,0,0,0,0,0,0,0,0,0,00:00:00,00:00:00,00:00:00,00:00:00,0,0,0,0,0,0,0,0,0,00:00:00,00:00:00,00:00:00,00:00:00,00:00:00,00:00:00,00:00:00
SPA West - Professional - Safeguarding or Mental Health Act Assessment,382,382,0,378,99.0,4,1.0,0,0,0,0,0,0,03:00:31,00:00:29,00:05:08,00:03:45,00:00:56,00:02:03,0,0,0,14,3.7,36:30:36,00:05:48,12:10:10,00:01:56,0,0,0,0,0,0,0,0,0,0,0,0,00:00:00,00:00:00,00:00:00,00:00:00,00:00:00,0,0,0,0,0,00:00:00,00:00:00,00:00:00,00:00:00,00:00:00,0,0,0,0,0,0,0,0,0,0,0,0,0,0,0,0,0,0,0,0,0,0,0,0,0,0,0,00:00:00,00:00:00,00:00:00,00:00:00,00:00:00,0,0,0,0,0,0,0,0,0,00:00:00,00:00:00,00:00:00,00:00:00,0,0,0,0,0,0,0,0,0,00:00:00,00:00:00,00:00:00,00:00:00,00:00:00,00:00:00,00:00:00
SPA West - Public - Customer Enquiry,649,642,7,633,97.5,16,2.5,0,0,0,0,0,0,05:24:40,00:00:31,00:08:26,00:09:26,00:00:35,00:02:20,0,0,0,59,9.3,46:40:29,00:04:25,22:11:28,00:02:06,0,0,0,0,0,0,0,0,0,0,0,0,00:00:00,00:00:00,00:00:00,00:00:00,00:00:00,0,0,0,0,0,00:00:00,00:00:00,00:00:00,00:00:00,00:00:00,0,0,0,0,0,0,0,0,0,0,0,0,0,0,0,0,0,0,0,0,0,0,0,0,0,0,0,00:00:00,00:00:00,00:00:00,00:00:00,00:00:00,0,0,0,0,0,0,0,0,0,00:00:00,00:00:00,00:00:00,00:00:00,0,0,0,0,0,0,0,0,0,00:00:00,00:00:00,00:00:00,00:00:00,00:00:00,00:00:00,00:00:00
SPA West - Public - Named Practitioner,152,152,0,148,97.4,4,2.6,0,0,0,0,0,0,01:00:48,00:00:25,00:03:49,00:02:14,00:00:34,00:01:43,0,0,0,34,23,07:02:29,00:02:51,04:48:50,00:01:57,0,0,0,0,0,0,0,0,0,0,0,0,00:00:00,00:00:00,00:00:00,00:00:00,00:00:00,0,0,0,0,0,00:00:00,00:00:00,00:00:00,00:00:00,00:00:00,0,0,0,0,0,0,0,0,0,0,0,0,0,0,0,0,0,0,0,0,0,0,0,0,0,0,0,00:00:00,00:00:00,00:00:00,00:00:00,00:00:00,0,0,0,0,0,0,0,0,0,00:00:00,00:00:00,00:00:00,00:00:00,0,0,0,0,0,0,0,0,0,00:00:00,00:00:00,00:00:00,00:00:00,00:00:00,00:00:00,00:00:00
SPA West - Public - Safeguarding,7,7,0,7,100,0,0,0,0,0,0,0,0,00:01:42,00:00:15,00:00:19,00:00:00,00:00:00,00:00:00,0,0,0,0,0,00:34:24,00:04:55,00:13:24,00:01:55,0,0,0,0,0,0,0,0,0,0,0,0,00:00:00,00:00:00,00:00:00,00:00:00,00:00:00,0,0,0,0,0,00:00:00,00:00:00,00:00:00,00:00:00,00:00:00,0,0,0,0,0,0,0,0,0,0,0,0,0,0,0,0,0,0,0,0,0,0,0,0,0,0,0,00:00:00,00:00:00,00:00:00,00:00:00,00:00:00,0,0,0,0,0,0,0,0,0,00:00:00,00:00:00,00:00:00,00:00:00,0,0,0,0,0,0,0,0,0,00:00:00,00:00:00,00:00:00,00:00:00,00:00:00,00:00:00,00:00:00
Waste - HWRC General Enquiries,75,72,3,62,82.7,13,17.3,0,0,0,0,0,0,03:04:13,00:02:58,00:24:53,00:33:36,00:02:35,00:10:03,2,2,100,16,25,02:34:51,00:02:25,02:22:40,00:02:14,0,0,0,0,0,0,0,0,0,0,0,0,00:00:00,00:00:00,00:00:00,00:00:00,00:00:00,0,0,0,0,0,00:00:00,00:00:00,00:00:00,00:00:00,00:00:00,0,0,0,0,0,0,0,0,0,0,0,0,0,0,0,0,0,0,0,0,0,0,0,0,0,0,0,00:00:00,00:00:00,00:00:00,00:00:00,00:00:00,0,0,0,0,0,0,0,0,0,00:00:00,00:00:00,00:00:00,00:00:00,0,0,0,0,0,0,0,0,0,00:00:00,00:00:00,00:00:00,00:00:00,00:00:00,00:00:00,00:00:00
Waste - HWRC Permits,394,351,43,358,90.9,36,9.1,0,0,0,0,0,0,16:52:15,00:02:50,00:34:59,02:59:59,00:05:00,00:19:37,3,2,66.7,8,2.2,15:14:12,00:02:32,13:20:53,00:02:13,1,0,1,1,0,0,1,100,0,0,0,0,01:53:44,01:53:44,01:53:44,17:47:14,17:47:14,0,0,0,0,0,00:00:00,00:00:00,00:00:00,00:00:10,00:00:10,0,0,0,0,0,0,0,0,0,0,0,0,0,0,0,0,0,0,0,0,0,0,0,0,0,0,0,00:00:00,00:00:00,00:00:00,00:00:00,00:00:00,0,0,0,0,0,0,0,0,0,00:00:00,00:00:00,00:00:00,00:00:00,0,0,0,0,0,0,0,0,0,00:00:00,00:00:00,00:00:00,00:00:00,00:00:00,00:00:00,00:00:00
Waste - HWRC Permits email,1,1,0,0,0,1,100,0,0,0,0,0,0,00:00:00,00:00:00,00:00:00,00:00:02,00:00:02,00:00:02,0,0,0,0,0,00:00:00,00:00:00,00:00:00,00:00:00,58,58,0,57,20,35.1,31,54.4,4,7.0,2,3.5,17:00:06,00:17:54,03:48:58,03:01:31,172:26:52,1,0,0,1,100,00:00:49,00:00:49,00:00:49,00:06:16,00:00:06,0,22,0,0,0,22,0,0,0,22,0,0,0,22,0,0,0,0,0,0,0,0,0,0,0,0,0,00:00:00,00:00:00,00:00:00,00:00:00,00:00:00,0,0,0,0,0,0,0,0,0,00:00:00,00:00:00,00:00:00,00:00:00,0,0,0,0,0,0,0,0,0,00:00:00,00:00:00,00:00:00,00:00:00,00:00:00,00:00:00,00:00:00
Welfare Assistance,125,113,12,113,90.4,12,9.6,0,0,0,0,0,0,02:23:46,00:01:16,00:06:06,00:29:31,00:02:28,00:07:21,379,342,90.2,11,2.4,19:13:38,00:02:32,15:44:32,00:01:55,0,0,0,0,0,0,0,0,0,0,0,0,00:00:00,00:00:00,00:00:00,00:00:00,00:00:00,0,0,0,0,0,00:00:00,00:00:00,00:00:00,00:00:00,00:00:00,0,0,0,0,0,0,0,0,0,0,0,0,0,0,0,0,0,0,0,0,0,0,0,0,0,0,0,00:00:00,00:00:00,00:00:00,00:00:00,00:00:00,0,0,0,0,0,0,0,0,0,00:00:00,00:00:00,00:00:00,00:00:00,0,0,0,0,0,0,0,0,0,00:00:00,00:00:00,00:00:00,00:00:00,00:00:00,00:00:00,00:00:00
Total,21522,19920,1602,19787,91.9,1697,7.9,38,0.2,0,0,0,0,905:25:17,00:02:45,00:43:54,103:09:36,00:03:39,01:47:14,2704,2301,85.1,3029,13.7,1480:46:09,00:04:01,793:26:26,00:02:07,4339,4180,159,4339,1190,27.4,2883,66.4,107,2.5,159,3.7,4683:06:33,01:04:46,478:13:21,06:42:36,29114:33:28,1060,938,88.5,122,11.5,01:39:43,81:43:26,00:04:38,37:48:37,00:00:25,0,2528,0,,0,2528,0,,0,2528,N/A,,0,2528,N/A,,0,0,0,0,0,0,0,0,0,0,0,00:00:00,00:00:00,00:00:00,00:00:00,00:00:00,0,0,0,0,0,0,0,0,0,00:00:00,00:00:00,00:00:00,00:00:00,1,0,1,0,0,1,100,0,0,05:24:15,05:24:15,05:24:15,00:00:00,00:00:00,00:00:00,00:00:00
